filename,code_title,lex_uz_doc,adopted,articles_count,last_article,sha256,snapshot_date
bojxona_kodeksi.txt,Oʻzbekiston Respublikasining Bojxona kodeksi,-2876354,2016-01-20,419,412,f89c3319539e9b5e20afddea5e9135f13a83aa2b56482268153567c03991a47d,2026-07
budjet_kodeksi.txt,Oʻzbekiston Respublikasining Budjet kodeksi,-2304138,2013-12-26,172,192,f02aff141feebc8ce9e5d64b9e9af87a89c3c921eca98d5a6161b6ce1a3d5c92,2026-07
fuqarolik_kodeksi_1qism.txt,Oʻzbekiston Respublikasining Fuqarolik kodeksi (birinchi qism),-111189,1995-12-21,386,385,b75b5b254593bbc0fa02dc9fa3ee1430f06505145eacf57dfa6f3c8c54af65f7,2026-07
fuqarolik_kodeksi_2qism.txt,Oʻzbekiston Respublikasining Fuqarolik kodeksi (ikkinchi qism),-180552,1996-08-29,811,1199,c2b7cb1c92be9f578159277ba440da2c7b2887f09b5d1c4fa07f774b425e7b44,2026-07
fuqarolik_protsessual_kodeksi.txt,Oʻzbekiston Respublikasining Fuqarolik protsessual kodeksi,-3517337,2018-01-22,508,462,dd836fc36fc611cb800031ee1c71035f50cd1de877018b960001cef41359aace,2026-07
havo_kodeksi.txt,Oʻzbekiston Respublikasining Havo kodeksi,-55594,1993-05-07,136,135,48ea9a3343fbfbaaea8d8355c3b53c25b701efd1a55c0795b29c2d0fa1abba46,2026-07
investitsiyalar_faoliyati_qonuni.txt,Oʻzbekiston Respublikasining “Investitsiyalar va investitsiya faoliyati toʻgʻrisida”gi Qonuni,-4664142,2019-12-25,69,69,30853ebd39d4ae671d298650e82c9f17a62b3d29fb4ad28acb75e03d5db16b3a,2026-07
iqtisodiy_protsessual_kodeksi.txt,Oʻzbekiston Respublikasining Iqtisodiy protsessual kodeksi,-3523891,2018-01-24,385,347,80444b071a06eb31875ec82bae8f096c6322f49bdf49b74f6cb9a6af30104290,2026-07
jinoyat-ijroiya_kodeksi.txt,Oʻzbekiston Respublikasining Jinoyat-ijroiya kodeksi,-163629,1997-04-25,196,197,132b4c6f5892cdeffb68819db014f14d1fa9856e934007ae7c177abc54818d21,2026-07
jinoyat_kodeksi.txt,Oʻzbekiston Respublikasining Jinoyat kodeksi,-111453,1994-09-22,392,302,e379e52babc66e35faab5012c4f2166880a454a8c3bc618908d5e692050b5a7d,2026-07
jinoyat_protsessual_kodeksi.txt,Oʻzbekiston Respublikasining Jinoyat-protsessual kodeksi,-111460,1994-09-22,762,623,013c5aa57071af9ac83c7d91ccf370a8db725bb4e65a7df8b03f06155d150094,2026-07
konstitutsiya.txt,Oʻzbekiston Respublikasining Konstitutsiyasi,-6445145,2023-05-01,155,155,5988b421be8fbace5bf8a39a891149e3ac4a77dcdae9eb141fe588507d8cc6b1,2026-07
mamuriy_javobgarlik_kodeksi.txt,Oʻzbekiston Respublikasining Maʼmuriy javobgarlik toʻgʻrisidagi kodeksi,-97664,1994-09-22,660,348,99a87e667e8ec6d6bcb8ce1bb6583c91ea93782cfa966537b1b190c787462849,2026-07
mamuriy_sud_ishlarni_yuritish_kodeksi.txt,Oʻzbekiston Respublikasining Maʼmuriy sud ishlarini yuritish toʻgʻrisidagi kodeksi,-3527353,2018-01-25,306,288,5fa4e87c85b1eb4a580650882a65ec5410fbf8bcfe64818207e840281aa209ec,2026-07
markaziy_bank_qonuni.txt,Oʻzbekiston Respublikasining “Oʻzbekiston Respublikasining Markaziy banki toʻgʻrisida”gi Qonuni,-72266,2019-11-11,76,72,e81c84ebf0d116099c1e1a588e705d6b3622c24d0d6dee052980871b096c4eea,2026-07
mehnat_kodeksi.txt,Oʻzbekiston Respublikasining Mehnat kodeksi,-6257288,2022-10-28,581,581,1706f63487152031deb1b3a8ddb34926305cf7b2505ee147d35a640624dadd06,2026-07
oila_kodeksi.txt,Oʻzbekiston Respublikasining Oila kodeksi,-104720,1998-04-30,220,238,36497f3f549f1c1c02baa78b3e9e20f17c6b4bc7e9b0508aa0c36dfc1fdfb6d9,2026-07
qimmatli_qogozlar_bozori_qonuni.txt,Oʻzbekiston Respublikasining “Qimmatli qogʻozlar bozori toʻgʻrisida”gi Qonuni,-1374865,2015-06-03,65,64,6b1f18156bcbbb931dd289712569be2df0b9ad48c8a2cc8a8dbc9914da9c3212,2026-07
raqobat_qonuni.txt,Oʻzbekiston Respublikasining “Raqobat toʻgʻrisida”gi Qonuni,-6518381,2023-07-03,49,49,f77ec9315b015aa37a2c934e1f780112c7315092ac8725caff4ee05877916587,2026-07
saylov_kodeksi.txt,Oʻzbekiston Respublikasining Saylov kodeksi,-4386848,2019-06-25,110,103,6b06188fa23520ffeb299c99325df727ca93697c8df2c5e7456510c7df87035b,2026-07
shaharsozlik_kodeksi.txt,Oʻzbekiston Respublikasining Shaharsozlik kodeksi,-5307951,2021-02-22,85,85,51a8ce5acfc9141e01d49f21f4c60d01f820b39068ce8fd3fbee4b553c3396c7,2026-07
soliq_kodeksi.txt,Oʻzbekiston Respublikasining Soliq kodeksi,-4674902,2019-12-30,496,483,66a329a021b84c554232e3b8ece6a09a1e901a79ed1b71e76dfe6a1f9ba32c32,2026-07
suv_kodeksi.txt,Oʻzbekiston Respublikasining Suv kodeksi,-7655343,2025-07-30,165,165,979f5903a4aa0d7ebc784ddbbed22bf3b85abbf94fcc6a9fbb8aef5227f35fd0,2026-07
tadbirkorlik_faoliyati_qonuni.txt,Oʻzbekiston Respublikasining “Tadbirkorlik faoliyati erkinligining kafolatlari toʻgʻrisida”gi Qonuni,-2006789,2012-05-02,54,52,a794ea899edb1b368569001a1e24ad94530ad217c71890a0139afad30d8a1518,2026-07
yer_kodeksi.txt,Oʻzbekiston Respublikasining Yer kodeksi,-152653,1998-04-30,110,91.1,92fcccbd8f5959c8bbc9fb5a4be5ff672d4571bcf49a33c24ff0f51b82d0f36f,2026-07
